target_subhalo,target_snapshot,merger_snapshot,main_subhalo_id,merging_subhalo_id,main_mass,merging_mass,mass_ratio,mass_type
738558,99,5,394987,866886,0.253319,0.052912,0.2088749758210004,total
738558,99,6,343693,2340707,0.34349,0.081141,0.23622521761914467,total
738558,99,11,615061,7579817,0.85918,0.054559,0.06350124537349566,total
738558,99,12,683654,3611376,1.13911,0.132827,0.11660594674789967,total
738558,99,15,490459,490461,2.27252,0.102857,0.04526120782215338,total
738558,99,15,490459,490460,2.27252,0.188195,0.08281335257775509,total
738558,99,19,720434,720435,4.03622,0.190606,0.047223887696904526,total
738558,99,21,809068,809069,5.08573,0.06988,0.01374040698188854,total
738558,99,23,860044,860045,6.8785,0.213942,0.031103002108017735,total
738558,99,24,913355,913356,7.85472,0.117588,0.01497036176973845,total
738558,99,26,1101203,1101205,8.20877,0.141405,0.017226088683201017,total
738558,99,27,776220,776224,10.563,0.119503,0.011313357947552777,total
738558,99,27,776220,8552968,10.563,0.209722,0.019854397424973965,total
738558,99,27,776220,776225,10.563,0.073715,0.006978604563097604,total
738558,99,29,835880,14405351,17.7635,0.083652,0.0047092070819376814,total
738558,99,31,688911,688918,23.7599,0.212368,0.008938084756248976,total
738558,99,31,688911,688925,23.7599,0.079669,0.003353086502889322,total
738558,99,32,662855,662874,26.8836,0.076562,0.0028479072743233793,total
738558,99,32,662855,662872,26.8836,0.085232,0.0031704087250219466,total
738558,99,33,685533,685550,31.8219,0.066945,0.0021037398772543437,total
738558,99,33,685533,685547,31.8219,0.075309,0.0023665777342019175,total
738558,99,33,685533,685543,31.8219,0.073582,0.002312306933275511,total
738558,99,33,685533,685544,31.8219,0.131453,0.00413089727514699,total
738558,99,34,716508,716514,37.0423,0.227628,0.006145082783736431,total
738558,99,35,741496,741513,40.1899,0.079669,0.001982313964453756,total
738558,99,35,741496,15231339,40.1899,0.12747,0.0031716923903766865,total
738558,99,35,741496,741508,40.1899,0.131453,0.003270796891756386,total
738558,99,35,741496,741500,40.1899,0.257001,0.006394666321638023,total
738558,99,37,691473,691492,49.6082,0.161444,0.003254381332118481,total
738558,99,37,691473,691501,49.6082,0.079669,0.0016059643365411366,total
738558,99,38,727807,727828,52.2923,0.091619,0.0017520552739122206,total
738558,99,39,770783,5127333,51.8941,0.079669,0.0015352226939093268,total
738558,99,39,770783,770804,51.8941,0.076471,0.0014735971912028533,total
738558,99,40,792094,792112,53.0504,0.103569,0.0019522755719089768,total
738558,99,41,842182,842193,50.9896,0.078624,0.001541961498030971,total
738558,99,42,887568,887583,50.1488,0.091619,0.0018269430175796829,total
738558,99,49,402296,402338,65.7512,0.065387,0.0009944609375950554,total
738558,99,50,355694,355723,64.0582,0.186402,0.002909885073261503,total
738558,99,53,295530,295552,55.7135,0.84813,0.015223060838037459,total
738558,99,53,295530,295538,55.7135,4.8852,0.0876843134967288,total
738558,99,53,295530,295721,55.7135,0.079669,0.0014299765765927468,total
738558,99,55,317979,318069,67.493,0.110846,0.001642333279006712,total
