SnapNum,PrimarySubhaloID,SecondarySubhaloID,PrimaryMass,SecondaryMass,MassRatio,MergerType
55,317979,318069,67.49300384521484,0.110846,0.0016423331854396167,Very minor
53,295530,295538,55.7135124206543,4.8852,0.08768429394857077,Very minor
53,295530,295552,55.7135124206543,0.84813,0.015223057444240018,Very minor
53,295530,295721,55.7135124206543,0.079669,0.0014299762577967504,Very minor
50,355694,355723,64.0582275390625,0.186402,0.0029098838222823553,Very minor
49,402296,402338,65.75116729736328,0.065387,0.0009944614322097687,Very minor
42,887568,887583,50.1488037109375,0.091619,0.0018269428823885945,Very minor
41,842182,842193,50.98963928222656,0.078624,0.0015419603101096253,Very minor
40,792094,792112,53.050392150878906,0.103569,0.0019522758607597613,Very minor
39,770783,5127333,51.8940544128418,0.079669,0.0015352240425501418,Very minor
39,770783,770804,51.8940544128418,0.076471,0.0014735984857077644,Very minor
38,727807,727828,52.292327880859375,0.091619,0.0017520543397635854,Very minor
37,691473,691492,49.608219146728516,0.161444,0.003254380076061381,Very minor
37,691473,691501,49.608219146728516,0.079669,0.0016059637167050752,Very minor
35,741496,741500,40.18988800048828,0.257001,0.006394668230896229,Very minor
35,741496,741508,40.18988800048828,0.131453,0.003270797868319586,Very minor
35,741496,15231339,40.18988800048828,0.12747,0.003171693337350214,Very minor
35,741496,741513,40.18988800048828,0.079669,0.001982314556314068,Very minor
34,716508,716514,37.04232406616211,0.227628,0.00614507879131527,Very minor
33,685533,685544,31.82188606262207,0.131453,0.004130899084401048,Very minor
33,685533,685550,31.82188606262207,0.066945,0.0021037407986522045,Very minor
33,685533,685543,31.82188606262207,0.073582,0.002312307946021756,Very minor
33,685533,685547,31.82188606262207,0.075309,0.002366578770717736,Very minor
32,662855,662874,26.883569717407227,0.076562,0.0028479104823056953,Very minor
32,662855,662872,26.883569717407227,0.085232,0.003170412296281171,Very minor
31,688911,688918,23.759918212890625,0.212368,0.008938077904863435,Very minor
31,688911,688925,23.759918212890625,0.079669,0.003353083932619627,Very minor
29,835880,14405351,17.763540267944336,0.083652,0.004709196406695822,Very minor
27,776220,776224,10.562981605529785,0.119503,0.011313377648735036,Very minor
27,776220,8552968,10.562981605529785,0.209722,0.019854431999598413,Very minor
27,776220,776225,10.562981605529785,0.073715,0.006978616715701725,Very minor
26,1101203,1101205,8.208772659301758,0.141405,0.017226083102662996,Very minor
24,913355,913356,7.8547163009643555,0.117588,0.014970368819757785,Very minor
23,860044,860045,6.87849760055542,0.213942,0.031103012957760537,Very minor
21,809068,809069,5.085732936859131,0.06988,0.0137403990472132,Very minor
19,720434,720435,4.036218166351318,0.190606,0.0472239091506555,Very minor
15,490459,490460,2.272515058517456,0.188195,0.08281353265169328,Very minor
15,490459,490461,2.272515058517456,0.102857,0.04526130624062922,Very minor
12,683654,3611376,1.1391113996505737,0.132827,0.1166058034716755,Minor
11,615061,7579817,0.8591800332069397,0.054559,0.06350124291919977,Very minor
6,343693,2340707,0.34348970651626587,0.081141,0.23622541945418557,Minor
5,394987,866886,0.2533192038536072,0.052912,0.20887480773300462,Minor
